{
  "name": "nestjs-microservice",
  "version": "1.0.0",
  "dependencies": {
    "@nestjs/common": "^9.0.0",
    "@nestjs/core": "^9.0.0",
    "@nestjs/cqrs": "^9.0.0",
    "@nestjs/typeorm": "^9.0.0",
    "@nestjs/graphql": "^10.0.0",
    "@nestjs/apollo": "^10.0.0",
    "typeorm": "^0.3.0",
    "pg": "^8.0.0",
    "kafkajs": "^2.2.0",
    "uuid": "^9.0.0",
    "class-validator": "^0.14.0",
    "graphql": "^16.0.0",
    "@eventstore/db-client": "^2.0.0",
    "rxjs": "^7.0.0"
  },
  "devDependencies": {
    "@nestjs/cli": "^9.0.0",
    "@nestjs/schematics": "^9.0.0",
    "typescript": "^4.0.0"
  }
}
